UserName,Handle,Timestamp,Comments,Likes,Retweets,Text
J. Cruz,@MujerValiente7,2020-07-04T23:28:56.000Z,"#cover #coversong #marcelagandara #mehacescrecer0:44
23 views",1,,1
Luz Adriana,@LuzAbetS,2020-07-04T23:28:56.000Z,"‚ÄúAprender a depender m√°s de t√≠, descubrir lo que t√∫ quieres de m√≠‚Äù #mehacescrecer #marcelagandara",,,2
Eva Sempr√∫n,@Evax540,2020-07-04T23:28:56.000Z,"Me haces crecer, crecer para bien. Siembras tus sue√±os, cambias mi mente, renuevas mi ser 
#teofaniaconcierto #lcdmp #iglesialacasademipadre #mehacescrecer #marcelagandara #alabanza #adoraci√≥n #Diosesbueno #panam√°... https://facebook.com/680332643/posts/10156712927687644/‚Ä¶",,,1
Julia,@holaesjulia,2020-07-04T23:28:56.000Z,"...Me haces crecer, crecer para bien, si algo no pasa es porque no me hace bien, me haces so√±ar, so√±ar para bien, siembras Tus sue√±os, cambias mi mente, renuevas mi ser, me recuerdas Tus pensamientos para mi son de bien, nunca me dejas siempre est√°s
 #MeHacesCrecer",1,,8
Andrea M CastroN,@unaHijadePaz,2020-07-04T23:28:56.000Z,"Me haces crecer, me haces so√±ar, en ti yo voy a confiar, te seguir√©, llena de fe, tu no me vas a fallar. Yo solo quiero agradarte y llenarme de ti. Aprender a depender mas de ti.. Descubrir lo que tu quieres de mi. #Mehacescrecer #Orarmecambia #Themagicisinside",,,1
Andrea M CastroN,@unaHijadePaz,2020-07-04T23:28:56.000Z,"Me haces crecer, crecer para bien. Si algo no pasa es porque no me hace bien. Me haces so√±ar, so√±ar para bien. Siembras tus sue√±os, cambias mi mente, renuevas mi ser. #Resurgiendodelascenizas #orarmecambia #Themagicisinside #Mehacescrecer",,,
El Dal√≠,@jancruzcuba,2020-07-04T23:28:56.000Z,"Disfr√∫talo mucho Alejandro Perez!!! Me alegra much√≠simo que lo tengas... Bienvenido al vuelo.
#sigui√©ndotelospasos #quiero #avionesdepapel #mehacescrecer #quelam√∫sicanofalte #bismusic https://facebook.com/100003509386051/posts/1753212001472429/‚Ä¶",,,
elliot marquez,@elliotkiko,2020-07-04T23:28:56.000Z,"Replying to 
@JurgenKlaric
 and 
@YouTubegracias por compartir tus conocimientos, ayudas al mundo
#TeAdmiro
#MeHacesCrecer",,,
elliot marquez,@elliotkiko,2020-07-04T23:28:56.000Z,"Replying to 
@JurgenKlaric@JurgenKlaric
 @YouTube
 gracias por compartir tus conocimientos, ayudas al mundo
#TeAdmiro
#MeHacesCrecer",,,
Javier Rodr√≠guez,@Rodja_altar,2020-07-04T23:28:56.000Z,"(1) Logro padre desbloqueado!!
Lanzamiento de zapatilla!!

#GraciasMrG #MeHacesCrecer #ElLanzamientoHaSidoNulo #HeFallado",1,,1
Fernanda Carrasquel',@FernandaC_Music,2017-10-31T16:55:49.000Z,"#ContuAmor #mehacescrecer, me haces so√±ar #aprenderADepender mas de ti, tuu me haces crecer Jesucristo.",,,
Dayana Barroso,@dayanabarroso,2017-10-31T16:55:49.000Z,si algo no pasa es porque no me hace bien ! #MeHacesCrecer! ,,,
John J. Mendoza Audivet,@__jmendozaa,2017-10-31T16:55:49.000Z,#MeHacesCrecer,,,1
Sandra Olmedo,@SandraOlmedo88,2017-10-31T16:55:49.000Z,Pascua joven 2015. Crecemos: Ampliando horizontes. #Comunidad #CJAmics #Mehacescrecer @ Salesianos‚Ä¶ https://instagram.com/p/1EwLXgpamD/,,,2
zari,@AvilesZari,2017-10-31T16:55:49.000Z,#mehacescrecer DIOS,,,
Betsabe :),@Sofibet94,2017-10-31T16:55:49.000Z,"Yo solo quiero agradarte y llenarme de ti, aprender a depender mas ti :) descubrir lo que tu quieras de miii..
#MeHacesCrecer :-D",,,
Karla Ard√≥n,@Karlaardonl,2017-10-31T16:55:49.000Z,#mehacescrecer #mehacesso√±ar en ti yo voy a confiar! #Jesus,,,
Eylin Carmona,@EJ_Carmona,2017-10-31T16:55:49.000Z,Aprender a depender mas de Ti. Descubrir lo que tu quieres de mi. #Fe #MeHacesCrecer,,,
Alice In Wonderland,@_AliceDurand,2017-10-31T16:55:49.000Z,"#MeHacesCrecer, crecer para bien ! Me haces so√±ar, so√±ar para bien ! Siembras tus sue√±os, cambias mi mente, renuevas mi ser .. ‚ô´ ‚ô™",,,
Mica,@micamoreee,2017-10-31T16:55:49.000Z,"Aprender a depender mas de ti descubrir lo que tu quieres de mi..
 #MeHacesCrecer",,,
Laurita,@llalipop,2017-10-31T16:55:49.000Z,"Aprender a depender mas de t√≠, descubrir lo que tu quieres de m√≠. 
#MeHacesCrecer",,1,
ùí¢ùìá‚ÑØùìàùíΩùìÅùíæ,@Greshli,2017-10-31T16:55:49.000Z,Cuantos retos diarios.. mm #MeHacesCrecer,,,
Fabi locutora.,@Fabilocutora,2017-10-31T16:55:49.000Z," ""Si algo no pasa es que no me hace bien"" #Mehacescrecer; Marcela Gandara ",,,
Ad√°n‚ú™,@adanjosefp,2017-10-31T16:55:49.000Z,"Aprender a depender mas de ti, descubrir lo que tu quieres de mi #MeHacesCrecer",,,
Zuni Vel√°squez,@Zunii_vD,2017-10-31T16:55:49.000Z,"‚ô´‚ô´Me haces re√≠r, re√≠r de placer, cuando me muestras que est√°s a mi lado y voy a vencer‚ô´‚ô™
#MeHacesCrecer! <3",,,
Daniela,@Dani_HG24,2015-01-19T03:18:55.000Z,Si algo no pasa es porque no me hace bien #MeHacesCrecer ^^...,,,
Alejandra Rodr√≠guez,@AleRodriguezAl,2015-01-19T03:18:55.000Z,Te convertiste en parte de mi discurso. En el ejemplo que uso para hablar do cosas buenas #MeHacesCrecer,,,
Ôº™ÔΩÖÔΩéÔΩéÔΩô Ôº≠ÔΩÖÔΩéÔΩÑÔΩèÔΩöÔΩÅ,@JennyMendoza30,2015-01-19T03:18:55.000Z,"Yo solo quiero agradarte y llenarme de ti. Aprender a depender m√°s de ti, descubrir lo que tu quieres de mi.. #MeHacesCrecer",,,
Katherine Qv,@Katherine_Qv,2015-01-19T03:18:55.000Z,Renuevas mi ser #MeHacesCrecer http://twitpic.com/dksg13,,,
Ver√≥nica Jara,@Veriitojara,2015-01-19T03:18:55.000Z,"Aprender a depender m√°s de ti, descubrir lo que t√∫ quieres de m√≠ #MeHacesCrecer",,1,
Claudia Marcela Rodriguez,@icloudm,2015-01-19T03:18:55.000Z,"Siembras tus sue√±os, cambias mi mente, renuevas mi ser! 
 #mehacescrecer",,,
-Camila.,@CamSays_,2015-01-19T03:18:55.000Z,#MeHacesCrecer,,,
Andreina Morales,@AndreinaMF17,2015-01-19T03:18:55.000Z,"#MeHacesCrecer 
@Marcela_Gandara
 es mi Canci√≥n",,,
Ana Lau,@AnnIslas,2015-01-19T03:18:55.000Z,"Tus pensamientos para mi, son de bien! :) #MeHacesCrecer",,,
"Krizia Caron
‚ô´",@ThoughtsofCaron,2015-01-19T03:18:55.000Z,"Me haces so√±ar, so√±ar para bien. Siembras tus sue√±os, cambias mi mente renuevas mi ser #mehacescrecer",,,
Senia *.*,@SeniaDC,2015-01-19T03:18:55.000Z,"Me haces re√≠r.. Re√≠r de placer, cuando me muestras que est√°s a mi lado y voy a vencer! ‚ô¨ #MeHacesCrecer",,,
Ed,@Edcd31,2015-01-19T03:18:55.000Z,Si algo no pasa es porque no me hace bien... ;) #mehacescrecer,,,
Rochi Somoza,@RochiSomoza,2015-01-19T03:18:55.000Z,"Te seguir√© llena de Fe, tu no me vas a fallar #MeHacesCrecer",,4,1
kepinkepan,@Hrneadnze_,2015-01-19T03:18:55.000Z,"'Ya no es edad de enfadarse, ni de ignorar' #MeHacesCrecer",,1,
n a t u g a r c i a ‚ô°,@natusgarcia,2015-01-19T03:18:55.000Z,Mi hermosura en los brazos de mama #MeHacesCrecer #TeAmo http://instagram.com/p/dfv674yqnG/,,,
Adriana Puig,@adripush,2013-12-28T11:06:34.000Z,"Siembras tus sue√±os, cambias mi mente, renuevas mi ser #mehacescrecer",,,
Victor Pallares A.,@victorpallares,2013-12-28T11:06:34.000Z,"Me haces crecer, crecer para bien si algo no pasa es porque no me hace Bien 88'. #OnlyGod #MeHacesCrecer.",,,
Belo Martinez,@ninamtz12,2013-12-28T11:06:34.000Z,Te seguire llena de FE tu no me vas a fallar... #MeHacesCrecer,,,
rv,@irachelviguera,2013-12-28T11:06:34.000Z,#MEHACESCRECER,,,
Gabriela Taveras,@Gaby_Taveras,2013-12-28T11:06:34.000Z,"Replying to 
@RossCamilo@RossCamilo
 yo quiero agradarte y llenarme... aprender a depende mas de tiiiiii ‚ô™ #MeHacesCrecer",1,,
Yoney Contreras,@Yoney_Contreras,2013-12-28T11:06:34.000Z,"Yo solo quiero agradarte y llenarme de ti, aprender a depender m√°s de ti & descubrir lo que t√∫ quieres de mi. #MeHacesCrecer",,,
Cris,@CrisBlancoD,2013-12-28T11:06:34.000Z,"Yo solo quiero agradarte y llenarme.de ti, aprender a depender mas de ti; descubrir lo que tu quieres de mi. #mehacescrecer",,,
i¬ß¬™b‚Ç¨L,@marisa_cat11,2013-12-28T11:06:34.000Z,..Me recuerdas que Tus pensamientos para mi son de bien nunca me dejas siempre estas! #MeHacesCrecer #EnT√≠VoyAConfiar :D,,,
Samuel,@samxamaya,2013-12-28T11:06:34.000Z,"si algo no pasa es porque no es de bien, tus pensamientos para mi son de bien #Tu #MeHacesCrecer",,,
Zuleidy Graterol,@ZuleidyDGG,2013-12-28T11:06:34.000Z,"Yo solo quiero agradarte y llenarme de ti aprender a depender mas de Ti, descubrir lo que tu quieres de Mi. #MeHacesCrecer.",,,
Marielos,@Nopreguntes_,2013-12-28T11:06:34.000Z,#MeHacesCrecer Me encata esta musica (8),,,
LaNotaCristiana,@LaNotaCristiana,2013-12-28T11:06:34.000Z,Buen tema para esta ma√±ana‚ô™Me haces crecer me haces so√±ar en ti yo voy a confiar te seguire llena d Fe tu no me vas a fallar‚ô¨ #MeHacesCrecer,,6,1
LaNotaCristiana,@LaNotaCristiana,2013-12-28T11:06:34.000Z,Un toque d Marcela Gandara‚ô™Me haces crecer me haces so√±ar en ti yo voy a confiar te seguire llena d Fe T√∫ no me vas a fallar‚ô¨ #MeHacesCrecer,,2,
Genesis Salgado,@genesisdayam,2013-12-28T11:06:34.000Z,Que bien me hace escuchar a Marcela Gandara #mehacescrecer,,,
El Padrino,@insolado,2013-12-28T11:06:34.000Z,Que bien me hace escuchar a Marcela Gandara #mehacescrecer,,,
Iv√°n Lora,@Ivan_Lora04,2013-04-13T19:33:22.000Z,Aprender a depender mas de ti. Descubrir lo que tu quieres de mi. #mehacescrecer #Dios,,1,
Angela Espichan,@angespichan,2013-04-13T19:33:22.000Z,"Te seguir√© llena de fe, t√∫ no me vas a fallar #mehacescrecer #gratitude",,,
Mar√≠a T. Padilla A.,@MariaTeresaP_,2013-04-13T19:33:22.000Z,"Te seguir√© llena de Fe, tu no me vas a fallar 88' #MeHacesCrecer",,,
Jose Fernando D,@FeerrDumaas,2013-04-13T19:33:22.000Z,- ya no soy oanza... #MeHacesCrecer,,,
Jose Fernando D,@FeerrDumaas,2013-04-13T19:33:22.000Z,"- no se a olvidado de ti, quedate tranquilo, lo que te dijo lo va a cumplir... #MeHacesCrecer",,,
Bunny,@klucon,2013-04-13T19:33:22.000Z,"‚Äú@AndrezzNivela: 
@klucon
 #MeHacesCrecer Marceliita ! :)‚Äùamigo pasaje eso a mi correo",,,
Isis Gomez,@Isisgmz,2013-04-13T19:33:22.000Z,"Me haces crecer me haces so√±ar, en ti uo voy a confiar,  yo seguire llena de fe, tu no me vas a fallar!! #mehacescrecer",,,
Juanse Vargas,@juansevargarcia,2013-04-13T19:33:22.000Z,Listening #mehacescrecer #marcelagandara.,,,
Ro!,@yssoR_Ok,2013-04-13T19:33:22.000Z,#MeHacesCrecer #MeHacesSo√±ar en Ti yo voy a #Confiar,,,
Ro!,@yssoR_Ok,2013-04-13T19:33:22.000Z,#MehacesCrecer crecer para bien,,,
Jayson Moncada,@JAKOMONCADA,2013-04-13T19:33:22.000Z,#MeHacesCrecer Marcela Gandara.... (8),,,
Yanel Ruiz,@YanelRuiz,2013-04-13T19:33:22.000Z,"Aprender a depender mas de ti, descubrir lo que tu quieres de mi. #Mehacescrecer",,,
jocker mix,@jocker_Mix,2013-04-13T19:33:22.000Z,#meHacesCrecer,,,
jocker mix,@jocker_Mix,2013-04-13T19:33:22.000Z,Cada vez que me innoras #meHacesCrecer,,,
Diosandy Heredia,@DiosaHeredia,2013-04-13T19:33:22.000Z,"@WilmaSangiovani
 te acuerdas de nuestra cancion? #mehacescrecer :))",,,
Iv√°n Lora,@Ivan_Lora04,2012-05-18T13:56:13.000Z,Aprender a depender mas de ti. Descubrir lo que tu quieres de mi. #mehacescrecer #Dios,,1,
Angela Espichan,@angespichan,2012-05-18T13:56:13.000Z,"Te seguir√© llena de fe, t√∫ no me vas a fallar #mehacescrecer #gratitude",,,
Mar√≠a T. Padilla A.,@MariaTeresaP_,2012-05-18T13:56:13.000Z,"Te seguir√© llena de Fe, tu no me vas a fallar 88' #MeHacesCrecer",,,
Jose Fernando D,@FeerrDumaas,2012-05-18T13:56:13.000Z,- ya no soy oanza... #MeHacesCrecer,,,
Jose Fernando D,@FeerrDumaas,2012-05-18T13:56:13.000Z,"- no se a olvidado de ti, quedate tranquilo, lo que te dijo lo va a cumplir... #MeHacesCrecer",,,
Bunny,@klucon,2012-05-18T13:56:13.000Z,"‚Äú@AndrezzNivela: 
@klucon
 #MeHacesCrecer Marceliita ! :)‚Äùamigo pasaje eso a mi correo",,,
Isis Gomez,@Isisgmz,2012-05-18T13:56:13.000Z,"Me haces crecer me haces so√±ar, en ti uo voy a confiar,  yo seguire llena de fe, tu no me vas a fallar!! #mehacescrecer",,,
Juanse Vargas,@juansevargarcia,2012-05-18T13:56:13.000Z,Listening #mehacescrecer #marcelagandara.,,,
Ro!,@yssoR_Ok,2012-05-18T13:56:13.000Z,#MeHacesCrecer #MeHacesSo√±ar en Ti yo voy a #Confiar,,,
Ro!,@yssoR_Ok,2012-05-18T13:56:13.000Z,#MehacesCrecer crecer para bien,,,
Jayson Moncada,@JAKOMONCADA,2012-05-18T13:56:13.000Z,#MeHacesCrecer Marcela Gandara.... (8),,,
Yanel Ruiz,@YanelRuiz,2012-05-18T13:56:13.000Z,"Aprender a depender mas de ti, descubrir lo que tu quieres de mi. #Mehacescrecer",,,
jocker mix,@jocker_Mix,2012-05-18T13:56:13.000Z,#meHacesCrecer,,,
jocker mix,@jocker_Mix,2012-05-18T13:56:13.000Z,Cada vez que me innoras #meHacesCrecer,,,
Diosandy Heredia,@DiosaHeredia,2012-05-18T13:56:13.000Z,"@WilmaSangiovani
 te acuerdas de nuestra cancion? #mehacescrecer :))",,,
